Adductor Mobilization,111032085
Fetal-Position Breathing,111126857
Piriformis Mobilization,111471003
Prone Hip External Rotation,111471300
Prone Hip Internal Rotation,111471576
Prone Hip-Flexed Rocking,111471577
Reach Rock Lift,111473404
Ribs-Down Breathing,111481757
Rocked-Back Quadruped Extension-Rotation,111483767
Rocking Ankle Mobilization,111483768
Scapular Pushup on Elbows,111522693
Supine Glute Bridge,111553047
Supine Knee to Knee Pull-In,111555106
Thoracic Mobilization on Foam Roller,112072000
Thoracic Mobilization With Bench,112072001
90/90 Wall Balloon-Breathing,111032082
Bird Dog,111048715
Dynamic Blackburn,111125514
Quadruped Extension-Rotation,111473397
Quadruped Rock Back,111473402
Scapular Pushup,111522692
Cross-Body Lat Mobilization,111109108
Deep Neck Flexor Activation and Suboccipital Stretch,111113500
Deep Squat Wall Stretch,111109114
Hip Flexor Stretch,111241987
Lat and Triceps Stretch,111253799
No Money Drill,111255574
Pec Minor Broomstick Mobilization,111470527
Pigeon Stretch,111471001
Romanian Deadlift With Dowel,111483766
Scapular Wall-Slide,111522694
Squat to Stand,111551383
Super Couch Stretch,111553039
Super Couch Stretch Without Bench,111553041
Wall Ankle Mobilization,112084180
Wall Hip Flexor Mobilization,112088562
Yoga Downward Dog Stretch,112091255
Banded No Money,111036343
Bowler Squat,111052877
Forearm Wall-Slide at 135 Degrees,111127663
Hamstring Mobilization With Lacrosse Ball,111136372
Pec Mobilization With Lacrosse Ball,111471014
Scalene and Upper Trap Mobilization With Lacrosse Ball,111522691
Side-Lying Windmill,111523512
Squat to Stand With Overhead Reach,111551384
Staggered-Stance Deep Squat Breathing,111551388
Standing Thoracic Extension Rotation,111551975
Wall Glute Iso March,112086187
Yoga Plex,112091256
Yoga Pushup,112091257
Reverse Lunge With Posterolateral Reach,111481755
Reverse Pattern Single-Leg Romanian Deadlift,111481756
Toy Soldier,112072002
Walking Knee to Chest,112078545
Walking Pull-Back Butt Kick,112078552
X-Band Box Walk,112091252
X-Band Walk,112089801
Alternating Lateral Lunge Walk,111032894
Hand Cross-Over,111136373
Inchworm,111242695
Walking Spiderman,112080363
Walking Warrior Lunge,112086186
Warrior Lunge With Overhead Reach,112088565
Walking Spiderman With Hip Lift,112080364
Walking Spiderman With Overhead Reach,112080360
Walking Spiderman With Overhead Reach and Hip Lift,112084179
Adductor Mobilization,121807112
Fetal-Position Breathing,121852776
Piriformis Mobilization,122355867
Prone Row to External Rotation,122357018
Prone Hip Internal Rotation,122357012
Prone Hip-Flexed Rocking,122357013
Reach Rock Lift,122680203
Ribs-Down Breathing,122683815
Rocked-Back Quadruped Extension-Rotation,122684197
Rocking Ankle Mobilization,122684199
Scapular Pushup on Elbows,122796177
Supine Glute Bridge,123731801
Thoracic Mobilization on Foam Roller,124064392
Thoracic Mobilization With Bench,124064393
90/90 Wall Balloon-Breathing,121807104
Bird Dog,121835945
Dynamic Blackburn,121851964
Quadruped Extension-Rotation,122358306
Quadruped Rock Back,122680197
Scapular Pushup,122796175
Cross-Body Lat Mobilization,121850312
Deep Neck Flexor Activation and Suboccipital Stretch,121850317
Deep Squat Wall Stretch,121850873
Hip Flexor Stretch,121949479
Lat and Triceps Stretch,122318363
No Money Drill,122320362
Pec Minor Broomstick Mobilization,122355863
Pigeon Stretch,122355865
Romanian Deadlift With Dowel,122684200
Scapular Wall-Slide,122796178
Squat to Stand,123731147
Super Couch Stretch,123731792
Super Couch Stretch Without Bench,123731793
Wall Ankle Mobilization,124408102
Wall Hip Flexor Mobilization,124409628
Yoga Downward Dog Stretch,124412396
Banded No Money,121829334
Bowler Squat,121837003
Forearm Wall-Slide at 135 Degrees,121852963
Hamstring Mobilization With Lacrosse Ball,121949306
Pec Mobilization With Lacrosse Ball,122355864
Scalene and Upper Trap Mobilization With Lacrosse Ball,122796173
Side-Lying Extension Rotation,122798046
Side-Lying Windmill,122798049
Squat to Stand With Overhead Reach,123731148
Staggered-Stance Deep Squat Breathing,123731530
Standing Thoracic Extension Rotation,123731534
Wall Glute Iso March,124409625
Yoga Plex,124412395
Yoga Pushup,124412397
Reverse Lunge With Posterolateral Reach,122683810
Reverse Pattern Single-Leg Romanian Deadlift,122683813
Toy Soldier,124064394
Walking Knee to Chest,124065851
Walking Pull-Back Butt Kick,124406400
X-Band Box Walk,124411704
X-Band Walk,124411705
Alternating Lateral Lunge Walk,121809092
Hand Cross-Over,121949307
Inchworm,121949481
Walking Spiderman,124406408
Walking Warrior Lunge,124408101
Warrior Lunge With Overhead Reach,124409630
Walking Spiderman With Hip Lift,124406409
Walking Spiderman With Overhead Reach,124406410
Walking Spiderman With Overhead Reach and Hip Lift,124408097
Plank,111471004
Elbow Plank Bodysaw,111126227
Long-Lever Plank,111253801
Ring Plank,111483007
Stability Ball Rollout,111551386
Ab Wheel Rollout,111032084
Slideboard Bodysaw,111550279
Ab Wheel Iso,111032083
Band-Resisted Ab Wheel Iso,111033883
Hinge to Side Plank,111147887
Side Plank,111522888
Feet-Elevated Side Plank,111126850
Side Plank With Row,111523237
Tall-Kneeling Overhead Pallof Press,112070470
Overhead Band Pallof Press,111440113
Side Plank Wall-Slide,111522889
Side Plank Wall-Slide With Arm Abducted,111522891
Half-Kneeling Band Chop,111132217
Half-Kneeling Band Lift,111132218
Half-Kneeling Cable Chop,111132220
Half-Kneeling Cable Lift,111136368
Tall-Kneeling Band Chop,111557000
Tall-Kneeling Band Lift,111556999
Tall-Kneeling Cable Chop,111556997
Tall-Kneeling Cable Lift,111556998
Half-Kneeling Pallof Press Iso,111136370
Half-Kneeling Pallof Press Iso With Band,111136371
Pallof Press,111469204
Pallof Press Iso,111469205
Pallof Press Iso With Band,111470519
Pallof Press With Band,111470523
Tall-Kneeling Pallof Press,112070469
Tall-Kneeling Pallof Press With Band,112071998
Tall-Kneeling Pallof Press Iso,112070473
Tall-Kneeling Pallof Press Iso With Band,112070474
Reverse Crunch,111481752
Dragon Flag,111114451
Bodyweight Get-Up,111048719
Dead Bug,111109110
Dead Bug With Legs Only,111109112
Wall-Press Abs,112088563
Half Get-Up,111132215
Pallof Press to Overhead,111470520
Salute Plank,111522689
Single-Arm Plank,111543717
Single-Leg Plank,111546516
Lateral Lunge With Overhead Driver,111253800
Plank Arm March,111471005
Stir-The-Pot,111551976
Single-Leg Slideboard Bodysaw,111548112
Turkish Get-up,112074201
Single-Arm Walking Dumbbell Farmer’s Carry,111545001
Walking Farmer's Carry,112074204
Walking Goblet Carry,112077592
Walking Single-Arm Bottom-Up Kettlebell Racked Carry,112078555
Walking Fat Grip Farmer's Carry,112077594
Walking Goblet Heartbeat Carry,112078544
Walking Waiter's Carry,112084178
Walking Dumbbell Cross-Carry,112074202
Walking Two-Arm Waiter’s Carry,112080361
Plank,122355869
Elbow Plank Bodysaw,121852155
Long-Lever Plank,122318366
Ring Plank,122683816
Stability Ball Rollout,123731149
Ab Wheel Rollout,121807110
Slideboard Bodysaw,123729976
Ab Wheel Iso,121807106
Band-Resisted Ab Wheel Iso,121824712
Hinge to Side Plank,121949478
Side Plank,122797100
Feet-Elevated Side Plank,121852774
Side Plank With Row,122797362
Tall-Kneeling Overhead Pallof Press,124061942
Overhead Band Pallof Press,122320985
Side Plank Wall-Slide,122797103
Side Plank Wall-Slide With Arm Abducted,122797104
Half-Kneeling Band Chop,121853618
Half-Kneeling Band Lift,121853619
Half-Kneeling Cable Chop,121853622
Half-Kneeling Cable Lift,121853809
Tall-Kneeling Band Chop,124061420
Tall-Kneeling Band Lift,124061421
Tall-Kneeling Cable Chop,124061423
Tall-Kneeling Cable Lift,124061425
Half-Kneeling Pallof Press Iso,121853811
Half-Kneeling Pallof Press Iso With Band,121853810
Pallof Press,122354416
Pallof Press Iso,122354913
Pallof Press Iso With Band,122354914
Pallof Press With Band,122354919
Tall-Kneeling Pallof Press,124061943
Tall-Kneeling Pallof Press With Band,124061946
Tall-Kneeling Pallof Press Iso,124061944
Tall-Kneeling Pallof Press Iso With Band,124061945
Reverse Crunch,122683376
Dragon Flag,121850876
Bodyweight Get-Up,121835948
Dead Bug,121850313
Dead Bug With Legs Only,121850314
Wall-Press Abs,124409627
Half Get-Up,121853617
Pallof Press to Overhead,122354918
Salute Plank,122796172
Single-Arm Plank,123135699
Single-Leg Plank,123358822
Lateral Lunge With Overhead Driver,122318365
Plank Arm March,122356279
Stir-The-Pot,123731535
Single-Leg Slideboard Bodysaw,123358828
Turkish Get-up,124064961
Single-Arm Walking Dumbbell Farmer’s Carry,123357943
Walking Farmer's Carry,124064965
Walking Goblet Carry,124065846
Walking Single-Arm Bottom-Up Kettlebell Racked Carry,124406404
Walking Fat Grip Farmer's Carry,124064967
Walking Goblet Heartbeat Carry,124065848
Walking Waiter's Carry,124408100
Walking Dumbbell Cross-Carry,124064966
Walking Two-Arm Waiter’s Carry,124408098
Barbell Bench Press,111040669
Barbell Bench Press From Pins,111040671
Barbell Floor Press,111043103
Close-Grip Barbell Bench Press,111054638
Dumbbell Bench Press,111113503
Dumbbell Floor Press,111114454
Alternating Dumbbell Bench Press,111032510
Single-Arm Dumbbell Bench Press,111523516
Single-Arm Dumbbell Floor Press,111524883
Band-Assisted Pushup,111033881
Feet-Elevated Pushup,111126847
Hands-Elevated Pushup,111147882
Hands-Elevated Pushup to Single-Arm Support,111147885
Partial-Range Pushup,111470525
Pushup,111472871
Pushup Iso,111472875
Pushup to Single-Arm Support,111473395
Single-Leg Pushup,111548108
Single-Leg Pushup Iso,111548109
Single-Leg Band-Resisted Pushup,111545003
Close-Grip Pushup,111054640
Feet-Elevated Pushup to Single-Arm Support,111126849
Renegade Row With Pushup,111478021
Single-Arm Hands-Elevated Pushup,111532993
Single-Leg Feet-Elevated Pushup,111546504
Spiderman Pushup,111550284
T-Pushup,111555111
Weighted Pushup,112089799
Band-Resisted Ring Pushup,111035093
Explosive Pushup,111126228
Feet-Elevated Band-Resisted Pushup,111126845
Renegade Row With Pushup and Feet Elevated,111478022
Ring Pushup,111483008
Single-Leg Band-Resisted Pushup,111545003
Single-Leg Feet-Elevated Band-Resisted Pushup,111545577
Weighted Ring Pushup,112089800
Single-Arm Half-Kneeling Band Press,111526580
Single-Arm Half-Kneeling Cable Press,111532989
Single-Arm Standing Split-Stance Band Press,111544500
Single-Arm Standing Split-Stance Cable Press,111544505
Barbell Bench Press,121830736
Barbell Bench Press From Pins,121830738
Barbell Floor Press,121834065
Close-Grip Barbell Bench Press,121849811
Dumbbell Bench Press,121850880
Dumbbell Floor Press,121851279
Alternating Dumbbell Bench Press,121808326
Single-Arm Dumbbell Bench Press,122798055
Single-Arm Dumbbell Floor Press,122798383
Band-Assisted Pushup,121824711
Feet-Elevated Pushup,121852771
Hands-Elevated Pushup,121949309
Hands-Elevated Pushup to Single-Arm Support ,121949310
Partial-Range Pushup,122354920
Pushup,122357903
Pushup Iso,122358303
Pushup to Single-Arm Support,122358304
Single-Leg Pushup,123358825
Single-Leg Pushup Iso,123358827
Single-Leg Band-Resisted Pushup,123357944
Close-Grip Pushup,121850311
Feet-Elevated Pushup to Single-Arm Support,121852773
Renegade Row With Pushup,122683374
Single-Arm Hands-Elevated Pushup,123134159
Single-Leg Feet-Elevated Pushup,123358570
Spiderman Pushup,123731145
T-Pushup,123732075
Weighted Pushup,124411702
Band-Resisted Ring Pushup,121826857
Explosive Pushup,121852158
Feet-Elevated Band-Resisted Pushup,121852770
Renegade Row With Pushup and Feet Elevated,122683375
Ring Pushup,122683819
Single-Leg Band-Resisted Pushup,123357944
Single-Leg Feet-Elevated Band-Resisted Pushup,123358566
Weighted Ring Pushup,124411701
Single-Arm Half-Kneeling Band Press,123133285
Single-Arm Half-Kneeling Cable Press,123134155
Single-Arm Standing Split-Stance Band Press,123357705
Single-Arm Standing Split-Stance Cable Press,123357938
Overhead Band Press,111440115
Seated Dumbbell Overhead Press,111522887
Single-Arm Seated Overhead Dumbbell Press,111543721
Single-Arm Tall-Kneeling Overhead Dumbbell Press,111545000
Split-Stance Dumbbell Push Press,111551382
Dumbbell Overhead Shrug,111117184
Dumbbell Push Press,111117185
Single-Arm Dumbbell Push Press,111524885
Single-Arm Landmine Press,111532996
Standing Split-Stance Landmine Press,111551974
Tall-Kneeling Landmine Press,112070466
Barbell Overhead Shrug,111043386
Barbell Push Press,111043389
Standing Barbell Overhead Press,111551973
Overhead Band Press,122353965
Seated Dumbbell Overhead Press,122797099
Single-Arm Seated Overhead Dumbbell Press,123357701
Single-Arm Tall-Kneeling Overhead Dumbbell Press,123357942
Split-Stance Dumbbell Push Press,123731146
Dumbbell Overhead Shrug,121851467
Dumbbell Push Press,121851468
Single-Arm Dumbbell Push Press,122798382
Single-Arm Landmine Press,123135206
Standing Split-Stance Landmine Press,123731532
Tall-Kneeling Landmine Press,124061427
Barbell Overhead Shrug,121834951
Barbell Push Press,121834953
Standing Barbell Overhead Press,123731531
Band-Assisted Inverted Row,111033323
Neutral-Grip Seated Band Row,111255280
Pronated-Grip Seated Band Row,111471296
Single-Arm Band Row,111523514
Single-Arm Standing Band Row,111544495
Single-Arm Standing Split-Stance Band Row,111544501
Bent-Over Dumbbell Row,111048714
Chest-Supported Dumbbell Row,111054631
Single-Arm Dumbbell Row,111525385
Renegade Row,111478020
Neutral-Grip Seated Cable Row,111255576
Pronated-Grip Seated Cable Row,111471299
Single-Arm Half-Kneeling Cable Row,111532990
Single-Arm Standing Cable Row,111544497
Single-Arm Standing Split-Stance Cable Row,111544999
Inverted Row,111241988
Inverted Row With Feet Elevated,111253040
Single-Arm Landmine Row,111541974
T-Bar Row,111555109
Inverted Row With Weight Vest,111253042
Ring Row,111483410
Ring Row With Feet Elevated,111483009
Band-Assisted Inverted Row,121809972
Neutral-Grip Seated Band Row,122319731
Pronated-Grip Seated Band Row,122356283
Single-Arm Band Row,122798052
Single-Arm Half-Kneeling Band Row,123134152
Single-Arm Standing Band Row,123357703
Single-Arm Standing Band Row,123357703
Bent-Over Dumbbell Row,121835944
Chest-Supported Dumbbell Row,121849807
Single-Arm Dumbbell Row,123132865
Renegade Row,122683372
Neutral-Grip Seated Cable Row,122319734
Pronated-Grip Seated Cable Row,122356284
Single-Arm Half-Kneeling Cable Row,123134157
Single-Arm Standing Cable Row,123357704
Single-Arm Standing Split-Stance Cable Row,123357940
Inverted Row,121951974
Inverted Row With Feet Elevated,121951975
Single-Arm Landmine Row,123135208
T-Bar Row,123732074
Inverted Row With Weight Vest,121951976
Ring Row,122684195
Ring Row With Feet Elevated,122684196
Band-Assisted Chin-Up,111033322
Band-Assisted Neutral-Grip Pull-Up,111033878
Band-Assisted Pull-Up,111033880
Banded Pull-Down,111036344
Single-Arm Half-Kneeling Band Pull-Down,111526581
X-Lat Band Pull-Down,112091254
Cable Pull-Down,111053610
Neutral-Grip Cable Pull-Down,111255278
Eccentric Chin-Up,111126224
Eccentric Pull-Up,111126225
Chin-Up,111054636
Neutral-Grip Pull-Up,111255279
Pull-Up,111472867
Pull-Up With Iso,111472869
Band-Resisted Pull-Up,111035089
Weighted Chin-Up,112088567
Weighted Neutral-Grip Pull-Up,112088566
Band-Assisted Chin-Up,121809970
Band-Assisted Neutral-Grip Pull-Up,121824707
Band-Assisted Pull-Up,121824709
Banded Pull-Down,121829335
Single-Arm Half-Kneeling Band Pull-Down,123134151
X-Lat Band Pull-Down,124412394
Cable Pull-Down,121849806
Neutral-Grip Cable Pull-Down,122319725
Eccentric Chin-Up,121852151
Eccentric Pull-Up,121852152
Chin-Up,121849809
Neutral-Grip Pull-Up,122319729
Pull-Up,122357901
Pull-Up With Iso,122357902
Band-Resisted Pull-Up,121826852
Weighted Chin-Up,124409629
Weighted Neutral-Grip Pull-Up,124411698
Bodyweight Lateral Squat,111051113
Bodyweight Squat to Box,111051119
Prisoner Squat,111471295
Overhead Broomstick Squat,111440654
Assisted Bodyweight Squat to Box,111032898
Assisted Lateral Squat,111032900
Band-Resisted Goblet Squat,111035086
Band-Resisted Squat,111035492
Dumbbell 1 1/4 Full Squat,111113502
Dumbbell Full Squat,111114459
Goblet 1 1/4 Squat,111127665
Goblet Lateral Squat,111127670
Goblet Squat,111129796
Goblet Squat Iso,111129797
Goblet Squat to Box,111129801
Goblet Squat With Pulse,111129802
Plate Squat,111471294
Barbell Front Squat,111043107
Barbell Front Squat to Box,111043112
Anderson Front Squat,111032895
Barbell Back Squat,111036346
Barbell Box Squat,111040672
Barbell Front Squat Iso,111043110
Overhead Barbell Squat,111440652
Hip-Belt Squat,111241986
Bodyweight Lateral Squat,121836544
Bodyweight Squat to Box,121836999
Prisoner Squat,122356281
Overhead Broomstick Squat,122353973
Assisted Bodyweight Squat to Box,121809095
Assisted Lateral Squat,121809096
Band-Resisted Goblet Squat,121826848
Band-Resisted Squat,121828054
Dumbbell 1 1/4 Full Squat,121850878
Dumbbell Full Squat,121851282
Goblet 1 1/4 Squat,121852964
Goblet Lateral Squat,121852967
Goblet Squat,121853329
Goblet Squat Iso,121853331
Goblet Squat to Box,121853333
Goblet Squat With Pulse,121853335
Plate Squat,122356280
Barbell Front Squat,121834068
Barbell Front Squat to Box,121834075
Anderson Front Squat,121809094
Barbell Back Squat,121830733
Barbell Box Squat,121830739
Barbell Front Squat Iso,121834071
Overhead Barbell Squat,122353971
Hip-Belt Squat,121949480
Banded Hip Extension,111036342
Dumbbell Sumo Deadlift,111125512
Single-Arm Dumbbell Romanian Deadlift,111525384
Dumbbell Romanian Deadlift,111121974
Barbell Glute Bridge,111043114
Barbell Hip Thrust,111043384
Rack Pull,111473401
Trap Bar Deadlift,112072003
Barbell Deadlift,111040676
Barbell Sumo Deadlift,111043984
Barbell Romanian Deadlift,111043979
Slideboard Leg Curl,111550283
Supine Hips-Extended Leg Curl,111555105
Banded Hip Extension,121829331
Dumbbell Sumo Deadlift,121851961
Single-Arm Dumbbell Romanian Deadlift,123132864
Dumbbell Romanian Deadlift,121851656
Barbell Glute Bridge,121834949
Barbell Hip Thrust,121834950
Rack Pull,122680210
Trap Bar Deadlift,124064396
Barbell Deadlift,121834063
Barbell Sumo Deadlift,121835360
Barbell Romanian Deadlift,121835357
Slideboard Leg Curl,123729977
Supine Hips-Extended Leg Curl,123732070
Alternating Goblet Reverse Lunge With Blocked Knee,111032521
Assisted Reverse Lunge With Blocked Knee,111032901
Bodyweight Lateral Lunge With Assistance,111048721
Bodyweight Reverse Lunge With Blocked Knee,111051114
Bodyweight Split Squat With Blocked Knee,111051116
Dumbbell Reverse Lunge,111117186
Dumbbell Reverse Lunge With Blocked Knee,111121973
Dumbbell Split Squat,111125509
Goblet Lateral Lunge,111127667
Goblet Lunge,111128358
Goblet Reverse Lunge,111128360
Goblet Reverse Lunge With Blocked Knee,111128362
Goblet Split Squat,111128363
Goblet Split Squat With Blocked Knee,111128364
Offset Dumbbell Reverse Lunge,111439617
Offset Dumbbell Reverse Lunge With Blocked Knee,111439622
Offset Dumbbell Split Squat,111440109
Rear-Foot-Elevated Bodyweight Split Squat,111473744
Single-Arm Dumbbell Reverse Lunge,111524886
Single-Arm Dumbbell Reverse Lunge With Blocked Knee,111525383
Single-Arm Dumbbell Split Squat,111526577
Dumbbell Reverse Lunge From Deficit,111121970
Dumbbell Slideboard Reverse Lunge,111121975
Goblet Lateral Lunge Walk,111127668
Offset Dumbbell Reverse Lunge From Deficit,111439619
Offset Dumbbell Slideboard Reverse Lunge,111440105
Overhead Dumbbell Reverse Lunge,111440657
Overhead Offset Dumbbell Reverse Lunge,111469196
Rear-Foot-Elevated Dumbbell Split Squat,111473746
Rear-Foot-Elevated Goblet Split Squat,111473750
Rear-Foot-Elevated Single-Arm Dumbbell Split Squat,111478018
Reverse Landmine Lunge,111481754
Single-Arm Dumbbell Reverse Lunge From Deficit,111524887
Single-Arm Dumbbell Slideboard Reverse Lunge,111525388
Single-Arm Overhead Dumbbell Reverse Lunge,111543715
Walking Dumbbell Lunge,112074203
Walking Goblet Lunge,112077593
Walking Offset Dumbbell Lunge,112078547
Barbell Reverse Lunge,111043390
Barbell Reverse Lunge With a Front Squat Grip,111043391
Barbell Slideboard Reverse Lunge,111043980
Barbell Split Squat,111043982
Dumbbell Reverse Lunge to Romanian Deadlift,111121972
Offset Dumbbell Reverse Lunge to Romanian Deadlift,111439620
Overhead Dumbbell Reverse Lunge From Deficit,111469195
Overhead Offset Dumbbell Reverse Lunge From Deficit,111469201
Rear-Foot-Elevated Barbell Split Squat,111473741
Single-Arm Dumbbell Reverse Lunge to Romanian Deadlift,111525382
Single-Arm Overhead Dumbbell Reverse Lunge From Deficit,111543716
Bodyweight Step-Up,111052875
Dumbbell Step-Up,111125511
Goblet Step-Up,111129805
Offset Dumbbell Step-Up,111440111
Single-Arm Dumbbell Step-Up,111526578
Single-Leg Eccentric Squat to Box,111545575
Single-Leg Squat to Box,111550275
Single-Leg Glute Bridge,111546505
Offset Dumbbell Cross-Over Step-Up,111439616
Dumbbell Cross-Over Step-Up,111113509
Bodyweight Cross-Over Step-Up,111048717
Single-Leg Hip Thrust,111546507
Single-Leg Slideboard Leg Curl,111548113
Single-Leg Dumbbell Romanian Deadlift,111545574
Single-Leg Offset Dumbbell Romanian Deadlift,111546513
Single-Leg Single-Arm Dumbbell Romanian Deadlift,111548110
Single-Leg Supine Hips-Elevated Leg Curl,111550276
Single-Leg Band-Resisted Romanian Deadlift,111545004
Single-Leg Barbell Glute Bridge,111545570
Single-Leg Barbell Romanian Deadlift,111545571
Alternating Goblet Reverse Lunge With Blocked Knee,121808330
Assisted Reverse Lunge With Blocked Knee,121809097
Bodyweight Lateral Lunge With Assistance,121836542
Bodyweight Reverse Lunge With Blocked Knee,121836545
Bodyweight Split Squat With Blocked Knee,121836548
Dumbbell Reverse Lunge,121851469
Dumbbell Reverse Lunge With Blocked Knee,121851655
Dumbbell Split Squat,121851957
Goblet Lateral Lunge,121852965
Goblet Lunge,121853150
Goblet Reverse Lunge,121853151
Goblet Reverse Lunge With Blocked Knee,121853152
Goblet Split Squat,121853153
Goblet Split Squat With Blocked Knee,121853152
Offset Dumbbell Reverse Lunge,122320364
Offset Dumbbell Reverse Lunge With Blocked Knee,122320977
Offset Dumbbell Split Squat,122320980
Rear-Foot-Elevated Bodyweight Split Squat,122680206
Single-Arm Dumbbell Reverse Lunge,122798381
Single-Arm Dumbbell Reverse Lunge With Blocked Knee,123132863
Single-Arm Dumbbell Split Squat,123133281
Dumbbell Reverse Lunge From Deficit,121851653
Dumbbell Slideboard Reverse Lunge,121851658
Goblet Lateral Lunge Walk,121852966
Offset Dumbbell Reverse Lunge From Deficit,122320366
Offset Dumbbell Slideboard Reverse Lunge,122320978
Offset Dumbbell Reverse Lunge,122320364
Overhead Offset Dumbbell Reverse Lunge,122354411
Rear-Foot-Elevated Dumbbell Split Squat,122681423
Rear-Foot-Elevated Goblet Split Squat,122681428
Rear-Foot-Elevated Single-Arm Dumbbell Split Squat,122681434
Reverse Landmine Lunge,122683377
Single-Arm Dumbbell Reverse Lunge From Deficit,123132858
Single-Arm Dumbbell Slideboard Reverse Lunge,123133279
Single-Arm Overhead Dumbbell Reverse Lunge,123135698
Walking Dumbbell Lunge,124064962
Walking Goblet Lunge,124065849
Walking Offset Dumbbell Lunge,124065852
Barbell Reverse Lunge,121834956
Barbell Reverse Lunge With a Front Squat Grip,121835356
Barbell Slideboard Reverse Lunge,121835358
Barbell Split Squat,121835359
Dumbbell Reverse Lunge to Romanian Deadlift,121851654
Offset Dumbbell Reverse Lunge to Romanian Deadlift,122320369
Offset Dumbbell Reverse Lunge From Deficit,122320366
Overhead Offset Dumbbell Reverse Lunge From Deficit,122354412
Rear-Foot-Elevated Barbell Split Squat,122680204
Single-Arm Dumbbell Reverse Lunge to Romanian Deadlift,123132860
Single-Arm Overhead Dumbbell Reverse Lunge From Deficit,123135701
Bodyweight Step-Up,121837001
Dumbbell Step-Up,121851960
Goblet Step-Up,121853336
Offset Dumbbell Step-Up,122320983
Single-Arm Dumbbell Step-Up,123133283
Single-Leg Eccentric Squat to Box,123358262
Single-Leg Squat to Box,123729973
Single-Leg Glute Bridge,123358572
Offset Dumbbell Cross-Over Step-Up,122320363
Dumbbell Cross-Over Step-Up,121850881
Bodyweight Cross-Over Step-Up,121835947
Single-Leg Hip Thrust,123358573
Single-Leg Slideboard Leg Curl,123729972
Single-Leg Dumbbell Romanian Deadlift,123358261
Single-Leg Offset Dumbbell Romanian Deadlift,123358578
Single-Leg Single-Arm Dumbbell Romanian Deadlift,123358826
Single-Leg Supine Hips-Elevated Leg Curl,123729975
Single-Leg Band-Resisted Romanian Deadlift,123358253
Single-Leg Barbell Glute Bridge,123358255
Single-Leg Barbell Romanian Deadlift,123358259
Alternating Bodyweight Split Jump,111032509
Alternating Barbell Split Jump,111032087
Alternating Dumbell Split Jump,111032520
Rear-Foot-Elevated Dumbbell Split Squat Jump,111473749
Alternating Bodyweight Split Jump,121808325
Alternating Barbell Split Jump,121807113
Alternating Dumbell Split Jump,121808329
Alternating Dumbbell Curl,111032518
Banded Curl,111035494
Dumbbell Curl,111113510
Hammer Curl,111117181
Seated Dumbbell Curl,111522885
Single-Arm Dumbbell Curl,111524882
Single-Arm Plate Curl,111543719
Barbell Curl,111040674
Band Press-Down,111033314
Triceps Press-Down,112074200
Lying Dumbbell Triceps Extension,111255275
Lying Dumbbell Rolling Triceps Extension,111253802
Overhead Band Triceps Extension,111440651
Overhead Cable Triceps Extension,111440656
Single-Arm Lying Dumbbell Triceps Extension,111541980
Single-Arm Lying Dumbbell Rolling Triceps Extension,111541980
Alternating Dumbbell Curl,121808328
Banded Curl,121828057
Dumbbell Curl,121851277
Hammer Curl,121851466
Seated Dumbbell Curl,122797098
Single-Arm Dumbbell Curl,122798380
Single-Arm Plate Curl,123135700
Barbell Curl,121830740
Band Press-Down,121809961
Triceps Press-Down,124064398
Lying Dumbbell Triceps Extension,122318368
Lying Dumbbell Rolling Triceps Extension,122318367
Overhead Band Triceps Extension,122353970
Overhead Cable Triceps Extension,122353975
Single-Arm Lying Dumbbell Triceps Extension,123135213
Single-Arm Lying Dumbbell Rolling Triceps Extension,123135211
Band Pull-Apart,111033315
Banded External Rotation at 30 Degrees Abduction,111035497
Banded External Rotation at 90 Degrees Abduction,111035498
Banded Face Pull,111035500
Banded Scapular Protraction,111036345
Brady Band Series,111052878
Side-Lying Banded External Rotation With Abduction,111523239
Single-Arm Band Pull-Apart,111523513
Single-Arm Face Pull,111526579
Band-Resisted Scapular Pushup,111035094
Supine Banded No Money Drill,111553044
Half-Kneeling Band Overhead Shrug,111132219
Supine Banded Scapular Protraction,111553045
Cable External Rotation on Knee,111053608
Cable External Rotation at 30 Degrees Abduction,111053600
Cable External Rotation at 90 Degrees Abduction,111053606
Face Pull,111126229
Side-Lying Cable External Rotation With Abduction,111523239
Dumbbell External Rotation on Knee,111114453
Prone Row to External Rotation,111471578
Side-Lying Dumbbell External Rotation With Abduction,111523245
Brady Band Series - Without Band,111052880
Prone T Raise,111471580
Prone Y Raise,111471582
Prone YTI,111472865
Supine Psoas March,111555108
Band Pull-Apart,121809963
Banded External Rotation at 30 Degrees Abduction,121828059
Banded External Rotation at 90 Degrees Abduction,121828061
Banded Face Pull,121828062
Banded Scapular Protraction,121829337
Brady Band Series,121837004
Side-Lying Banded External Rotation With Abduction,122797363
Single-Arm Band Pull-Apart,122798050
Single-Arm Face Pull,123133284
Band-Resisted Scapular Pushup,121826855
Half-Kneeling Band Overhead Shrug,121853621
Supine Banded Scapular Protraction,123731797
Cable External Rotation on Knee,121837283
Cable External Rotation at 30 Degrees Abduction,121837279
Cable External Rotation at 90 Degrees Abduction,121837281
Face Pull,121852160
Side-Lying Cable External Rotation With Abduction,122797364
Dumbbell External Rotation on Knee,121851278
Prone Row to External Rotation,122357018
Side-Lying Dumbbell External Rotation With Abduction,122797370
Brady Band Series - Without Band,121837005
Prone T Raise,122357020
Prone Y Raise,122357898
Prone YTI,122357899
Supine Psoas March,123732073
Bodyweight Squat Thrust,111051117
Burpee Without Pushup,111053597
Mountain Climber,111255276
Burpee,111052882
Dumbbell Squat Thrust,111125510
Landmine Rainbow,111253795
Bodyweight Squat Thrust,121836549
Burpee Without Pushup,121837276
Mountain Climber,122319723
Burpee,121837274
Dumbbell Squat Thrust,121851958
Landmine Rainbow,121952186
