Band-Assisted Inverted Row,121809972
Neutral-Grip Seated Band Row,122319731
Pronated-Grip Seated Band Row,122356283
Single-Arm Band Row,122798052
Single-Arm Half-Kneeling Band Row,123134152
Single-Arm Standing Band Row,123357703
Single-Arm Standing Band Row,123357703
Bent-Over Dumbbell Row,121835944
Chest-Supported Dumbbell Row,121849807
Single-Arm Dumbbell Row,123132865
Renegade Row,122683372
Neutral-Grip Seated Cable Row,122319734
Pronated-Grip Seated Cable Row,122356284
Single-Arm Half-Kneeling Cable Row,123134157
Single-Arm Standing Cable Row,123357704
Single-Arm Standing Split-Stance Cable Row,123357940
Inverted Row,121951974
Inverted Row With Feet Elevated,121951975
Single-Arm Landmine Row,123135208
T-Bar Row,123732074
Inverted Row With Weight Vest,121951976
Ring Row,122684195
Ring Row With Feet Elevated,122684196
