Plank,122355869
Elbow Plank Bodysaw,121852155
Long-Lever Plank,122318366
Ring Plank,122683816
Stability Ball Rollout,123731149
Ab Wheel Rollout,121807110
Slideboard Bodysaw,123729976
Ab Wheel Iso,121807106
Band-Resisted Ab Wheel Iso,121824712
Hinge to Side Plank,121949478
Side Plank,122797100
Feet-Elevated Side Plank,121852774
Side Plank With Row,122797362
Tall-Kneeling Overhead Pallof Press,124061942
Overhead Band Pallof Press,122320985
Side Plank Wall-Slide,122797103
Side Plank Wall-Slide With Arm Abducted,122797104
Half-Kneeling Band Chop,121853618
Half-Kneeling Band Lift,121853619
Half-Kneeling Cable Chop,121853622
Half-Kneeling Cable Lift,121853809
Tall-Kneeling Band Chop,124061420
Tall-Kneeling Band Lift,124061421
Tall-Kneeling Cable Chop,124061423
Tall-Kneeling Cable Lift,124061425
Half-Kneeling Pallof Press Iso,121853811
Half-Kneeling Pallof Press Iso With Band,121853810
Pallof Press,122354416
Pallof Press Iso,122354913
Pallof Press Iso With Band,122354914
Pallof Press With Band,122354919
Tall-Kneeling Pallof Press,124061943
Tall-Kneeling Pallof Press With Band,124061946
Tall-Kneeling Pallof Press Iso,124061944
Tall-Kneeling Pallof Press Iso With Band,124061945
Reverse Crunch,122683376
Dragon Flag,121850876
Bodyweight Get-Up,121835948
Dead Bug,121850313
Dead Bug With Legs Only,121850314
Wall-Press Abs,124409627
Half Get-Up,121853617
Pallof Press to Overhead,122354918
Salute Plank,122796172
Single-Arm Plank,123135699
Single-Leg Plank,123358822
Lateral Lunge With Overhead Driver,122318365
Plank Arm March,122356279
Stir-The-Pot,123731535
Single-Leg Slideboard Bodysaw,123358828
Turkish Get-up,124064961
Single-Arm Walking Dumbbell Farmer’s Carry,123357943
Walking Farmer's Carry,124064965
Walking Goblet Carry,124065846
Walking Single-Arm Bottom-Up Kettlebell Racked Carry,124406404
Walking Fat Grip Farmer's Carry,124064967
Walking Goblet Heartbeat Carry,124065848
Walking Waiter's Carry,124408100
Walking Dumbbell Cross-Carry,124064966
Walking Two-Arm Waiter’s Carry,124408098
