Barbell Bench Press,121830736
Barbell Bench Press From Pins,121830738
Barbell Floor Press,121834065
Close-Grip Barbell Bench Press,121849811
Dumbbell Bench Press,121850880
Dumbbell Floor Press,121851279
Alternating Dumbbell Bench Press,121808326
Single-Arm Dumbbell Bench Press,122798055
Single-Arm Dumbbell Floor Press,122798383
Band-Assisted Pushup,121824711
Feet-Elevated Pushup,121852771
Hands-Elevated Pushup,121949309
Hands-Elevated Pushup to Single-Arm Support ,121949310
Partial-Range Pushup,122354920
Pushup,122357903
Pushup Iso,122358303
Pushup to Single-Arm Support,122358304
Single-Leg Pushup,123358825
Single-Leg Pushup Iso,123358827
Single-Leg Band-Resisted Pushup,123357944
Close-Grip Pushup,121850311
Feet-Elevated Pushup to Single-Arm Support,121852773
Renegade Row With Pushup,122683374
Single-Arm Hands-Elevated Pushup,123134159
Single-Leg Feet-Elevated Pushup,123358570
Spiderman Pushup,123731145
T-Pushup,123732075
Weighted Pushup,124411702
Band-Resisted Ring Pushup,121826857
Explosive Pushup,121852158
Feet-Elevated Band-Resisted Pushup,121852770
Renegade Row With Pushup and Feet Elevated,122683375
Ring Pushup,122683819
Single-Leg Band-Resisted Pushup,123357944
Single-Leg Feet-Elevated Band-Resisted Pushup,123358566
Weighted Ring Pushup,124411701
Single-Arm Half-Kneeling Band Press,123133285
Single-Arm Half-Kneeling Cable Press,123134155
Single-Arm Standing Split-Stance Band Press,123357705
Single-Arm Standing Split-Stance Cable Press,123357938
