Alternating Dumbbell Curl,121808328
Banded Curl,121828057
Dumbbell Curl,121851277
Hammer Curl,121851466
Seated Dumbbell Curl,122797098
Single-Arm Dumbbell Curl,122798380
Single-Arm Plate Curl,123135700
Barbell Curl,121830740
Band Press-Down,121809961
Triceps Press-Down,124064398
Lying Dumbbell Triceps Extension,122318368
Lying Dumbbell Rolling Triceps Extension,122318367
Overhead Band Triceps Extension,122353970
Overhead Cable Triceps Extension,122353975
Single-Arm Lying Dumbbell Triceps Extension,123135213
Single-Arm Lying Dumbbell Rolling Triceps Extension,123135211
