Alternating Goblet Reverse Lunge With Blocked Knee,121808330
Assisted Reverse Lunge With Blocked Knee,121809097
Bodyweight Lateral Lunge With Assistance,121836542
Bodyweight Reverse Lunge With Blocked Knee,121836545
Bodyweight Split Squat With Blocked Knee,121836548
Dumbbell Reverse Lunge,121851469
Dumbbell Reverse Lunge With Blocked Knee,121851655
Dumbbell Split Squat,121851957
Goblet Lateral Lunge,121852965
Goblet Lunge,121853150
Goblet Reverse Lunge,121853151
Goblet Reverse Lunge With Blocked Knee,121853152
Goblet Split Squat,121853153
Goblet Split Squat With Blocked Knee,121853152
Offset Dumbbell Reverse Lunge,122320364
Offset Dumbbell Reverse Lunge With Blocked Knee,122320977
Offset Dumbbell Split Squat,122320980
Rear-Foot-Elevated Bodyweight Split Squat,122680206
Single-Arm Dumbbell Reverse Lunge,122798381
Single-Arm Dumbbell Reverse Lunge With Blocked Knee,123132863
Single-Arm Dumbbell Split Squat,123133281
Dumbbell Reverse Lunge From Deficit,121851653
Dumbbell Slideboard Reverse Lunge,121851658
Goblet Lateral Lunge Walk,121852966
Offset Dumbbell Reverse Lunge From Deficit,122320366
Offset Dumbbell Slideboard Reverse Lunge,122320978
Offset Dumbbell Reverse Lunge,122320364
Overhead Offset Dumbbell Reverse Lunge,122354411
Rear-Foot-Elevated Dumbbell Split Squat,122681423
Rear-Foot-Elevated Goblet Split Squat,122681428
Rear-Foot-Elevated Single-Arm Dumbbell Split Squat,122681434
Reverse Landmine Lunge,122683377
Single-Arm Dumbbell Reverse Lunge From Deficit,123132858
Single-Arm Dumbbell Slideboard Reverse Lunge,123133279
Single-Arm Overhead Dumbbell Reverse Lunge,123135698
Walking Dumbbell Lunge,124064962
Walking Goblet Lunge,124065849
Walking Offset Dumbbell Lunge,124065852
Barbell Reverse Lunge,121834956
Barbell Reverse Lunge With a Front Squat Grip,121835356
Barbell Slideboard Reverse Lunge,121835358
Barbell Split Squat,121835359
Dumbbell Reverse Lunge to Romanian Deadlift,121851654
Offset Dumbbell Reverse Lunge to Romanian Deadlift,122320369
Offset Dumbbell Reverse Lunge From Deficit,122320366
Overhead Offset Dumbbell Reverse Lunge From Deficit,122354412
Rear-Foot-Elevated Barbell Split Squat,122680204
Single-Arm Dumbbell Reverse Lunge to Romanian Deadlift,123132860
Single-Arm Overhead Dumbbell Reverse Lunge From Deficit,123135701
Bodyweight Step-Up,121837001
Dumbbell Step-Up,121851960
Goblet Step-Up,121853336
Offset Dumbbell Step-Up,122320983
Single-Arm Dumbbell Step-Up,123133283
Single-Leg Eccentric Squat to Box,123358262
Single-Leg Squat to Box,123729973
Single-Leg Glute Bridge,123358572
Offset Dumbbell Cross-Over Step-Up,122320363
Dumbbell Cross-Over Step-Up,121850881
Bodyweight Cross-Over Step-Up,121835947
Single-Leg Hip Thrust,123358573
Single-Leg Slideboard Leg Curl,123729972
Single-Leg Dumbbell Romanian Deadlift,123358261
Single-Leg Offset Dumbbell Romanian Deadlift,123358578
Single-Leg Single-Arm Dumbbell Romanian Deadlift,123358826
Single-Leg Supine Hips-Elevated Leg Curl,123729975
Single-Leg Band-Resisted Romanian Deadlift,123358253
Single-Leg Barbell Glute Bridge,123358255
Single-Leg Barbell Romanian Deadlift,123358259
