Adductor Mobilization,121807112
Fetal-Position Breathing,121852776
Piriformis Mobilization,122355867
Prone Row to External Rotation,122357018
Prone Hip Internal Rotation,122357012
Prone Hip-Flexed Rocking,122357013
Reach Rock Lift,122680203
Ribs-Down Breathing,122683815
Rocked-Back Quadruped Extension-Rotation,122684197
Rocking Ankle Mobilization,122684199
Scapular Pushup on Elbows,122796177
Supine Glute Bridge,123731801
Thoracic Mobilization on Foam Roller,124064392
Thoracic Mobilization With Bench,124064393
90/90 Wall Balloon-Breathing,121807104
Bird Dog,121835945
Dynamic Blackburn,121851964
Quadruped Extension-Rotation,122358306
Quadruped Rock Back,122680197
Scapular Pushup,122796175
Cross-Body Lat Mobilization,121850312
Deep Neck Flexor Activation and Suboccipital Stretch,121850317
Deep Squat Wall Stretch,121850873
Hip Flexor Stretch,121949479
Lat and Triceps Stretch,122318363
No Money Drill,122320362
Pec Minor Broomstick Mobilization,122355863
Pigeon Stretch,122355865
Romanian Deadlift With Dowel,122684200
Scapular Wall-Slide,122796178
Squat to Stand,123731147
Super Couch Stretch,123731792
Super Couch Stretch Without Bench,123731793
Wall Ankle Mobilization,124408102
Wall Hip Flexor Mobilization,124409628
Yoga Downward Dog Stretch,124412396
Banded No Money,121829334
Bowler Squat,121837003
Forearm Wall-Slide at 135 Degrees,121852963
Hamstring Mobilization With Lacrosse Ball,121949306
Pec Mobilization With Lacrosse Ball,122355864
Scalene and Upper Trap Mobilization With Lacrosse Ball,122796173
Side-Lying Extension Rotation,122798046
Side-Lying Windmill,122798049
Squat to Stand With Overhead Reach,123731148
Staggered-Stance Deep Squat Breathing,123731530
Standing Thoracic Extension Rotation,123731534
Wall Glute Iso March,124409625
Yoga Plex,124412395
Yoga Pushup,124412397
Reverse Lunge With Posterolateral Reach,122683810
Reverse Pattern Single-Leg Romanian Deadlift,122683813
Toy Soldier,124064394
Walking Knee to Chest,124065851
Walking Pull-Back Butt Kick,124406400
X-Band Box Walk,124411704
X-Band Walk,124411705
Alternating Lateral Lunge Walk,121809092
Hand Cross-Over,121949307
Inchworm,121949481
Walking Spiderman,124406408
Walking Warrior Lunge,124408101
Warrior Lunge With Overhead Reach,124409630
Walking Spiderman With Hip Lift,124406409
Walking Spiderman With Overhead Reach,124406410
Walking Spiderman With Overhead Reach and Hip Lift,124408097
