Barbell Bench Press,111040669
Barbell Bench Press From Pins,111040671
Barbell Floor Press,111043103
Close-Grip Barbell Bench Press,111054638
Dumbbell Bench Press,111113503
Dumbbell Floor Press,111114454
Alternating Dumbbell Bench Press,111032510
Single-Arm Dumbbell Bench Press,111523516
Single-Arm Dumbbell Floor Press,111524883
Band-Assisted Pushup,111033881
Feet-Elevated Pushup,111126847
Hands-Elevated Pushup,111147882
Hands-Elevated Pushup to Single-Arm Support,111147885
Partial-Range Pushup,111470525
Pushup,111472871
Pushup Iso,111472875
Pushup to Single-Arm Support,111473395
Single-Leg Pushup,111548108
Single-Leg Pushup Iso,111548109
Single-Leg Band-Resisted Pushup,111545003
Close-Grip Pushup,111054640
Feet-Elevated Pushup to Single-Arm Support,111126849
Renegade Row With Pushup,111478021
Single-Arm Hands-Elevated Pushup,111532993
Single-Leg Feet-Elevated Pushup,111546504
Spiderman Pushup,111550284
T-Pushup,111555111
Weighted Pushup,112089799
Band-Resisted Ring Pushup,111035093
Explosive Pushup,111126228
Feet-Elevated Band-Resisted Pushup,111126845
Renegade Row With Pushup and Feet Elevated,111478022
Ring Pushup,111483008
Single-Leg Band-Resisted Pushup,111545003
Single-Leg Feet-Elevated Band-Resisted Pushup,111545577
Weighted Ring Pushup,112089800
Single-Arm Half-Kneeling Band Press,111526580
Single-Arm Half-Kneeling Cable Press,111532989
Single-Arm Standing Split-Stance Band Press,111544500
Single-Arm Standing Split-Stance Cable Press,111544505
