Band Pull-Apart,111033315
Banded External Rotation at 30 Degrees Abduction,111035497
Banded External Rotation at 90 Degrees Abduction,111035498
Banded Face Pull,111035500
Banded Scapular Protraction,111036345
Brady Band Series,111052878
Side-Lying Banded External Rotation With Abduction,111523239
Single-Arm Band Pull-Apart,111523513
Single-Arm Face Pull,111526579
Band-Resisted Scapular Pushup,111035094
Supine Banded No Money Drill,111553044
Half-Kneeling Band Overhead Shrug,111132219
Supine Banded Scapular Protraction,111553045
Cable External Rotation on Knee,111053608
Cable External Rotation at 30 Degrees Abduction,111053600
Cable External Rotation at 90 Degrees Abduction,111053606
Face Pull,111126229
Side-Lying Cable External Rotation With Abduction,111523239
Dumbbell External Rotation on Knee,111114453
Prone Row to External Rotation,111471578
Side-Lying Dumbbell External Rotation With Abduction,111523245
Brady Band Series - Without Band,111052880
Prone T Raise,111471580
Prone Y Raise,111471582
Prone YTI,111472865
Supine Psoas March,111555108
