Band-Assisted Inverted Row,111033323
Neutral-Grip Seated Band Row,111255280
Pronated-Grip Seated Band Row,111471296
Single-Arm Band Row,111523514
Single-Arm Standing Band Row,111544495
Single-Arm Standing Split-Stance Band Row,111544501
Bent-Over Dumbbell Row,111048714
Chest-Supported Dumbbell Row,111054631
Single-Arm Dumbbell Row,111525385
Renegade Row,111478020
Neutral-Grip Seated Cable Row,111255576
Pronated-Grip Seated Cable Row,111471299
Single-Arm Half-Kneeling Cable Row,111532990
Single-Arm Standing Cable Row,111544497
Single-Arm Standing Split-Stance Cable Row,111544999
Inverted Row,111241988
Inverted Row With Feet Elevated,111253040
Single-Arm Landmine Row,111541974
T-Bar Row,111555109
Inverted Row With Weight Vest,111253042
Ring Row,111483410
Ring Row With Feet Elevated,111483009
